,id,created_at,username,location,following,followers,retweetcount,favorite,text
0,1578012217663840267,2022-10-06 13:20:05+00:00,second_nature,Cleveland ,1329,398,0,0,"Gutting. #Localjournalism at its best #JDVance
 https://t.co/L77Jb8Ihdu"
1,1577994555856592897,2022-10-06 12:09:54+00:00,NewsJunkieJo,,794,227,0,0,"And #JDVance peddles his personal philosopjy that women should stay in abusive relationships.
Why does the @GOP hat‚Ä¶ https://t.co/LaKV4buMpR"
2,1577927977337339905,2022-10-06 07:45:20+00:00,atheistcritique,,48,127,0,0,"Next month, thousands of Ohioans who are outraged that a politician's son smokes crack will cast their vote for a m‚Ä¶ https://t.co/j25LMjvSpB"
3,1577878300604628998,2022-10-06 04:27:57+00:00,islandlife2014,Florida,3996,3072,0,0,"Ohioans no matter the Political Party, how in god‚Äôs name can you TRUST #JDVance, when he took money he obtain for a‚Ä¶ https://t.co/6q09UnfMXd"
4,1577865083958530051,2022-10-06 03:35:25+00:00,islandlife2014,Florida,3996,3072,0,0,"#JDVance started a non- profit to help the OPIOD EPIDEMIC in OHIO. He did NOTHING, but took the MONEY he collected‚Ä¶ https://t.co/ipWuD7XNYH"
5,1577850788923187200,2022-10-06 02:38:37+00:00,PennysPetMom,33950,66,3,0,0,"@FoxNews Is he the Nevada GOP candidate for AG? Perhaps Gov? School board Pres?
 #RepublicanFraudsters‚Ä¶ https://t.co/rNs3GK9Mml"
6,1577850683813945344,2022-10-06 02:38:12+00:00,ryanthomas88882,,746,457,1,0,RT @Freedom1796YA: Lying Tim Ryan.  A vote for Tim is a vote for Nancy Pelosi.  Vote #JDVance
7,1577847611842875392,2022-10-06 02:26:00+00:00,Freedom1796YA,"SW OH or SE FL,  USA",360,561,1,2,Lying Tim Ryan.  A vote for Tim is a vote for Nancy Pelosi.  Vote #JDVance https://t.co/ouFjGlfbff
8,1577834962308538369,2022-10-06 01:35:44+00:00,NovemberNicole1,USA,1431,1104,0,0,"Tim Ryan agrees with Joe Biden 100% of the time but won't be caught dead campaigning next to him. üòÇ #Hannity

Hey #Ohio vote for #JDVance."
9,1577834455850524672,2022-10-06 01:33:43+00:00,sambell56702967,,125,8,0,0,@TimRyan IS A CROOK.  HE IS NOT FOR THE PEOPLE..HE WILL HURT #OHIO MORE.  VOTE FOR #JDVANCE.  @JDVance1 IS THE ONLY MAN TO VOTE FOR
10,1577787032910405635,2022-10-05 22:25:17+00:00,Yo_Saff,,1879,359,0,0,#JDVance November 8th https://t.co/vvP4qZVoEI
11,1577753474946797570,2022-10-05 20:11:56+00:00,Yo_Saff,,1879,359,0,0,#JDVance https://t.co/xTsY9DsnZS
12,1577718307964190721,2022-10-05 17:52:11+00:00,Faithslayer202,"Covington, Kentucy ",1054,512,0,0,You can't be this inaccurate on polling when you don't account for the many #GOP Voters who wouldn't vote for‚Ä¶ https://t.co/H0Ahz9z03i
13,1577712169214525440,2022-10-05 17:27:48+00:00,scarlettbama,"Twitterville, Alabama",2974,1735,0,0,#LetsGo! #BeatMarkKelly #JDVance https://t.co/w6YRhSMsF6
14,1577640762988036096,2022-10-05 12:44:03+00:00,RichardGJP,Japan,968,1089,0,0,#JDVance in #OhioSenate and #BlakeMasters in #ArizonaSenate are 2 of the Tech Billionaire Peter Thiel backed candid‚Ä¶ https://t.co/LeFh675xj2
15,1577616814036729857,2022-10-05 11:08:53+00:00,BlueBuddha1081,United States,2956,1330,0,0,Georgia Senate bombshell shows the quality of GOP candidates #HerschelWalker abuses women #DrOz kills dogs #JDVance‚Ä¶ https://t.co/IenBuceKGu
16,1577562650061438978,2022-10-05 07:33:40+00:00,louisevla,London,580,456,4,0,"RT @DrPaulRLong1: #HerschelWalker paid for an abortion, #JDVance says a woman should stay with an abuser. Do you really think we want this.‚Ä¶"
17,1577525617406332928,2022-10-05 05:06:30+00:00,DonChess6,,13,1,0,1,LOL‚Ä¶ #Ohio substitute teacher and  #jdvance supporter is now Russian commander of #kherson. #ukraine #russia.‚Ä¶ https://t.co/xFQdewWRF7
18,1577474576258244608,2022-10-05 01:43:41+00:00,SunshineandHap,,1642,875,4,0,"RT @DrPaulRLong1: #HerschelWalker paid for an abortion, #JDVance says a woman should stay with an abuser. Do you really think we want this.‚Ä¶"
19,1577455834656751616,2022-10-05 00:29:13+00:00,MPMilitello,,935,689,0,0,@TimRyan @lskurrus #JDVance #Phony #Fake #MAGAMORON #Ohio #VoteBlue
20,1577438506477322241,2022-10-04 23:20:21+00:00,Roadmaster1253,,4998,2384,4,0,"RT @DrPaulRLong1: #HerschelWalker paid for an abortion, #JDVance says a woman should stay with an abuser. Do you really think we want this.‚Ä¶"
21,1577424404774268928,2022-10-04 22:24:19+00:00,GregoryCoster,"New York, USA",652,362,4,0,"RT @DrPaulRLong1: #HerschelWalker paid for an abortion, #JDVance says a woman should stay with an abuser. Do you really think we want this.‚Ä¶"
22,1577421979225030657,2022-10-04 22:14:41+00:00,DrPaulRLong1,"Colorado, USA",4936,2298,4,5,"#HerschelWalker paid for an abortion, #JDVance says a woman should stay with an abuser. Do you really think we want‚Ä¶ https://t.co/uEq3vNjDLx"
23,1577393753316216832,2022-10-04 20:22:32+00:00,DrPaulRLong1,"Colorado, USA",4936,2298,0,0,"‚ÄúParty of Family Values‚Äù???
1 #JDVance 
2 #MehmetOz 
3 #HerschelWalker 
4 #DougMastriano 
5 #KariLake 
If this is ‚Äú‚Ä¶ https://t.co/dx7wVfA5CC"
24,1577392768888016909,2022-10-04 20:18:37+00:00,Redrunner36,United States,255,94,0,0,@JDVancePress when you are in a violent relationship you need to get out of it! It‚Äôs not about changing your underw‚Ä¶ https://t.co/iXAOMNxRyy
25,1577378130402381824,2022-10-04 19:20:27+00:00,ea_neil,"New Jersey, USA",1654,2045,0,0,Müò°RE  on #JDVance of #Ohio ... https://t.co/sy7OPuf9Qo https://t.co/XbsEe5EasV
26,1577377139178889217,2022-10-04 19:16:30+00:00,Lynn78726072,"California, USA",473,240,1,0,"RT @johnhyphentyler: Here in #Ohio we‚Äôre seeing a lot of ads telling us what a piece of shit @TimRyan is, but mysteriously NOTHING about ho‚Ä¶"
27,1577354931073335303,2022-10-04 17:48:16+00:00,johnhyphentyler,,1125,243,1,4,"Here in #Ohio we‚Äôre seeing a lot of ads telling us what a piece of shit @TimRyan is, but mysteriously NOTHING about‚Ä¶ https://t.co/zMnTpSxNUq"
28,1577344995878739968,2022-10-04 17:08:47+00:00,organizing4ua,Upper Arlington,137,123,7,0,"RT @rbrowneh: Trump Republicans like #JDVance and #DeWine are trying to take away our freedoms, from banning abortion, to ending Social Sec‚Ä¶"
29,1577334650514685955,2022-10-04 16:27:40+00:00,Robnda216,"Lakewood, Ohio",2022,1505,0,0,"Dear delusional #JDVance 
It's NOT #TimRyan
doin' the #taxation 
It's YOUR #BFF 
#Trump &amp; YOUR #GOP
THX to‚Ä¶ https://t.co/AWSkFK8SSM"
30,1577309646314147841,2022-10-04 14:48:19+00:00,MarylkaPattison,"Tucson, Arizona",99,28,0,0,"@MSheridan62 Read the #JDVance book. Not too many secrets left.

#HillbillyElegy"
31,1577281837327872000,2022-10-04 12:57:49+00:00,JimCarlson16,,696,1946,1,0,"RT @JimCarlson16: #MAGA #Republicans like #HerschelWalker,#JDVance,etc are generally #Contradictive of their #Political #Promises to their‚Ä¶"
32,1577281816905453568,2022-10-04 12:57:44+00:00,JimCarlson16,,696,1946,1,1,"#MAGA #Republicans like #HerschelWalker,#JDVance,etc are generally #Contradictive of their #Political #Promises to‚Ä¶ https://t.co/EhQkjavUu3"
33,1577143562642546688,2022-10-04 03:48:21+00:00,whymustyoujudge,,3443,509,0,0,What do you have on #JDVance @SarahHuckabee and the rest of the immoral @GOP candidates? Must be more üí© after @DrOz @HerschelWalker days
34,1577102140631236608,2022-10-04 01:03:46+00:00,BookJonesComed1,,124,153,0,0,Call him by his nickname. Shady Vance. #JDVance #ShadyVance
35,1577080684337721344,2022-10-03 23:38:30+00:00,silverandsuch,,381,325,0,1,Congratulations @thedailybeast. Now do #DonaldTrump. And then maybe #JDVance. Then #MattGetz. And #JimJordan. And a‚Ä¶ https://t.co/nw4gJ62XN3
36,1577058725923201025,2022-10-03 22:11:15+00:00,ea_neil,"New Jersey, USA",1654,2045,0,0,"#Ohio and #JDVance 
#VoteBlue2022 #VoteBlueToProtectWomen 
#VoteBlueToSaveOhio
#VoteBlueToSaveDemocracy‚Ä¶ https://t.co/Yd1O1YBD5y"
37,1577034857741705216,2022-10-03 20:36:24+00:00,Knewz_Currently,"Va Beach, Virginia",86,1699,0,0,"GOP Mega-Donor #PeterThiel Calls #JDVance Race ‚ÄòDone,‚Äô Moves to Tip the Scale for #BlakeMasters: Report‚Ä¶ https://t.co/QzCBxNSu7g"
38,1577020426295062528,2022-10-03 19:39:03+00:00,DanPhalen343,"Saint Joseph, Mo",45,43,0,0,"@CortesSteve @JDVance1 #RyanVotedWhileKeepingSafe As for #JDVance , it is better to have a person doing‚Ä¶ https://t.co/DGdfdrV2MB"
39,1577016231785222144,2022-10-03 19:22:23+00:00,calvinkholsclaw,"California, USA",869,575,0,0,"#jdvance #Ohio
@DispatchAlerts @clevelanddotcom @Enquirer https://t.co/aDqZFG9pwP"
40,1577015487451385856,2022-10-03 19:19:26+00:00,calvinkholsclaw,"California, USA",869,575,0,0,#jdvance #Ohio @DispatchAlerts @clevelanddotcom @Enquirer https://t.co/MbQayRten3
41,1577008502748631040,2022-10-03 18:51:41+00:00,baezmcg,"Beaverton, OR",1917,311,0,0,#Ohio #OHIO #Vance #JDVance #TimRyan https://t.co/OYrrZlIsiB
42,1577008114528047104,2022-10-03 18:50:08+00:00,baezmcg,"Beaverton, OR",1917,311,1,1,#OHIO #JDVance https://t.co/aWSE5cMvCA
43,1576981989244436481,2022-10-03 17:06:19+00:00,tbell1968,Dallas,12795,11635,1,0,RT @Hey_man5: @TheDemCoalition I kept telling everyone this since BEFORE his campaign started picking up. #JDVance HATES FEMALES of ALL AGE‚Ä¶
44,1576969587685740545,2022-10-03 16:17:03+00:00,avtaylor17,,20,2,0,0,"Hey @maggieNYT you do know that BIDEN‚Äôs HURRICANE CENTER BOTCHED the southward tracking of Ian, right? you unqualif‚Ä¶ https://t.co/1xd231zzuh"
45,1576962988221030401,2022-10-03 15:50:49+00:00,desderamona,,3007,772,0,0,‚ÄúA look at the Marist poll‚Äôs fine print suggested something that should make Democrats nervous in the run-up to Nov‚Ä¶ https://t.co/tBEATGS6ZY
46,1576918642469412865,2022-10-03 12:54:36+00:00,JasonBica,"Akron, OH",73,113,0,0,"#Ohio, how is #TaxingTimRyan ahead of #JDVance?  Tim Ryan has voted along with Pelosi and the Democrats, Ryan is an‚Ä¶ https://t.co/oah5qtA0We"
47,1576912209774403584,2022-10-03 12:29:03+00:00,WriterJCYoung,"Cincinnati, OH",2087,1637,0,0,"#JDVance's campaign is so desperate, their new ads claim @TimRyan personally gave COVID relief checks to the Boston‚Ä¶ https://t.co/mpCaXkKgty"
48,1576757415315668993,2022-10-03 02:13:57+00:00,theclemsonkid,Northeast Ohio,237,266,0,5,"If a politician spends all their campaign money bashing their opponent in commercials, that just means they have *z‚Ä¶ https://t.co/BbITU67zh8"
49,1576751660323418112,2022-10-03 01:51:05+00:00,Tom81747204,"Hayward, CA",1814,237,6,0,"RT @RexDoctor: Has #JDVance told #MTGreene how she needs to stay in her marriage &amp; it's wrong to divorce?

Just asking questions.
#FakeChri‚Ä¶"
50,1576748040513556480,2022-10-03 01:36:42+00:00,ReparSandra,,922,1599,6,0,"RT @RexDoctor: Has #JDVance told #MTGreene how she needs to stay in her marriage &amp; it's wrong to divorce?

Just asking questions.
#FakeChri‚Ä¶"
51,1576747639076290561,2022-10-03 01:35:06+00:00,Lindaoa38027243,,79,418,6,0,"RT @RexDoctor: Has #JDVance told #MTGreene how she needs to stay in her marriage &amp; it's wrong to divorce?

Just asking questions.
#FakeChri‚Ä¶"
52,1576740983143747585,2022-10-03 01:08:39+00:00,Ben2org,,1103,238,6,0,"RT @RexDoctor: Has #JDVance told #MTGreene how she needs to stay in her marriage &amp; it's wrong to divorce?

Just asking questions.
#FakeChri‚Ä¶"
53,1576729629083082753,2022-10-03 00:23:32+00:00,janet_m_million,"Cincinnati, OH",2121,1109,20,0,"RT @KCBoyd3: .@senrobportman, please share wedding pix from Will's same-sex marriage in Cincinnati this weekend. It would actually humanize‚Ä¶"
54,1576717187238490112,2022-10-02 23:34:06+00:00,whatisaynow,,1727,144,20,0,"RT @KCBoyd3: .@senrobportman, please share wedding pix from Will's same-sex marriage in Cincinnati this weekend. It would actually humanize‚Ä¶"
55,1576716957969092608,2022-10-02 23:33:11+00:00,sallytroxell,,407,201,20,0,"RT @KCBoyd3: .@senrobportman, please share wedding pix from Will's same-sex marriage in Cincinnati this weekend. It would actually humanize‚Ä¶"
56,1576714074389245952,2022-10-02 23:21:43+00:00,craigunger,"Brooklyn, New York",1993,52150,20,0,"RT @KCBoyd3: .@senrobportman, please share wedding pix from Will's same-sex marriage in Cincinnati this weekend. It would actually humanize‚Ä¶"
57,1576706648873521153,2022-10-02 22:52:13+00:00,JMS724,,640,251,20,0,"RT @KCBoyd3: .@senrobportman, please share wedding pix from Will's same-sex marriage in Cincinnati this weekend. It would actually humanize‚Ä¶"
58,1576681755787948033,2022-10-02 21:13:18+00:00,Diana01685046,"Colorado, USA",2954,1548,6,0,"RT @RexDoctor: Has #JDVance told #MTGreene how she needs to stay in her marriage &amp; it's wrong to divorce?

Just asking questions.
#FakeChri‚Ä¶"
59,1576681274240270336,2022-10-02 21:11:23+00:00,Intheprezent,Meeanjin/Baneraba Turrbal ,11345,11695,6,0,"RT @RexDoctor: Has #JDVance told #MTGreene how she needs to stay in her marriage &amp; it's wrong to divorce?

Just asking questions.
#FakeChri‚Ä¶"
60,1576636827129171968,2022-10-02 18:14:46+00:00,organizing4ua,Upper Arlington,137,123,2,0,"RT @dkmehrle: Trump Republicans like #JDVance and #DeWine are trying to take away our freedoms, from banning abortion, to ending Social Sec‚Ä¶"
61,1576621085734625280,2022-10-02 17:12:13+00:00,skohayes,Kansas,3258,1667,20,0,"RT @KCBoyd3: .@senrobportman, please share wedding pix from Will's same-sex marriage in Cincinnati this weekend. It would actually humanize‚Ä¶"
62,1576619416640364545,2022-10-02 17:05:35+00:00,sallyagale,"Houston, TX",1238,2480,20,0,"RT @KCBoyd3: .@senrobportman, please share wedding pix from Will's same-sex marriage in Cincinnati this weekend. It would actually humanize‚Ä¶"
63,1576597860346343425,2022-10-02 15:39:56+00:00,RexDoctor,NYLon,3990,3878,6,48,"Has #JDVance told #MTGreene how she needs to stay in her marriage &amp; it's wrong to divorce?

Just asking questions.
#FakeChristian"
64,1576597705060601859,2022-10-02 15:39:19+00:00,MaurPhalen,"Chicago, IL",215,93,20,0,"RT @KCBoyd3: .@senrobportman, please share wedding pix from Will's same-sex marriage in Cincinnati this weekend. It would actually humanize‚Ä¶"
65,1576594162199429120,2022-10-02 15:25:14+00:00,speckiemom,"North Carolina, USA",1544,1354,20,0,"RT @KCBoyd3: .@senrobportman, please share wedding pix from Will's same-sex marriage in Cincinnati this weekend. It would actually humanize‚Ä¶"
66,1576593500917096448,2022-10-02 15:22:36+00:00,philostopher666,Billy The Mountain,888,135,20,0,"RT @KCBoyd3: .@senrobportman, please share wedding pix from Will's same-sex marriage in Cincinnati this weekend. It would actually humanize‚Ä¶"
67,1576582404059250689,2022-10-02 14:38:31+00:00,TuffTiffResists,"Ohio, USA",6361,5873,20,0,"RT @KCBoyd3: .@senrobportman, please share wedding pix from Will's same-sex marriage in Cincinnati this weekend. It would actually humanize‚Ä¶"
68,1576581964017999878,2022-10-02 14:36:46+00:00,AndyInCali68,,187,39,20,0,"RT @KCBoyd3: .@senrobportman, please share wedding pix from Will's same-sex marriage in Cincinnati this weekend. It would actually humanize‚Ä¶"
69,1576580213126811648,2022-10-02 14:29:48+00:00,GameDayWreath,"SW Ohio, USA",6282,5833,20,0,"RT @KCBoyd3: .@senrobportman, please share wedding pix from Will's same-sex marriage in Cincinnati this weekend. It would actually humanize‚Ä¶"
70,1576571782634479616,2022-10-02 13:56:18+00:00,jeannine_bartel,Cleveland-ish,3076,2516,20,0,"RT @KCBoyd3: .@senrobportman, please share wedding pix from Will's same-sex marriage in Cincinnati this weekend. It would actually humanize‚Ä¶"
71,1576571460218503168,2022-10-02 13:55:02+00:00,JuliaTh72947749,,1932,389,20,0,"RT @KCBoyd3: .@senrobportman, please share wedding pix from Will's same-sex marriage in Cincinnati this weekend. It would actually humanize‚Ä¶"
72,1576571418128809986,2022-10-02 13:54:52+00:00,shayleesbibi,Oregon,6962,6316,20,0,"RT @KCBoyd3: .@senrobportman, please share wedding pix from Will's same-sex marriage in Cincinnati this weekend. It would actually humanize‚Ä¶"
73,1576571255217483783,2022-10-02 13:54:13+00:00,bwalker123,"Silver City, NM",4959,990,20,0,"RT @KCBoyd3: .@senrobportman, please share wedding pix from Will's same-sex marriage in Cincinnati this weekend. It would actually humanize‚Ä¶"
74,1576571160002600962,2022-10-02 13:53:50+00:00,cliffschecter,"Cincinnati, OH",3413,53581,20,0,"RT @KCBoyd3: .@senrobportman, please share wedding pix from Will's same-sex marriage in Cincinnati this weekend. It would actually humanize‚Ä¶"
75,1576569719968378881,2022-10-02 13:48:07+00:00,waitnwallflower,Hiding in plain sight,2060,1972,20,0,"RT @KCBoyd3: .@senrobportman, please share wedding pix from Will's same-sex marriage in Cincinnati this weekend. It would actually humanize‚Ä¶"
76,1576569233911136256,2022-10-02 13:46:11+00:00,contrary_hoff,A Brave New 1984 Gilead  ,8916,8282,20,0,"RT @KCBoyd3: .@senrobportman, please share wedding pix from Will's same-sex marriage in Cincinnati this weekend. It would actually humanize‚Ä¶"
77,1576567161857789953,2022-10-02 13:37:57+00:00,KCBoyd3,,16493,16112,20,57,".@senrobportman, please share wedding pix from Will's same-sex marriage in Cincinnati this weekend. It would actual‚Ä¶ https://t.co/w3yPDyPqQ4"
78,1576514300344414208,2022-10-02 10:07:54+00:00,truthjustice61,United States,1208,349,0,0,"2/2üßµ#Obio: #JDVance lags #Democrat @TimRyan
#Pennsylvania: #MehmetOz lags #Democrat
@JohnFetterman

#Biden vs‚Ä¶ https://t.co/OI64mDq9Cn"
79,1576426655140040705,2022-10-02 04:19:37+00:00,DavePildner,"Ohio, USA",577,620,7,0,"RT @rbrowneh: Trump Republicans like #JDVance and #DeWine are trying to take away our freedoms, from banning abortion, to ending Social Sec‚Ä¶"
80,1576400827723714561,2022-10-02 02:37:00+00:00,NeimanOhio,"Columbus, Ohio",1655,2477,7,0,"RT @rbrowneh: Trump Republicans like #JDVance and #DeWine are trying to take away our freedoms, from banning abortion, to ending Social Sec‚Ä¶"
81,1576360740704747520,2022-10-01 23:57:42+00:00,OglyFederico,Under Water Florida,4209,4337,7,0,"RT @rbrowneh: Trump Republicans like #JDVance and #DeWine are trying to take away our freedoms, from banning abortion, to ending Social Sec‚Ä¶"
82,1576360182824992769,2022-10-01 23:55:29+00:00,DEGUY007,USA,5577,5469,7,0,"RT @rbrowneh: Trump Republicans like #JDVance and #DeWine are trying to take away our freedoms, from banning abortion, to ending Social Sec‚Ä¶"
83,1576357107670339585,2022-10-01 23:43:16+00:00,RachaelElizabee,,765,241,7,0,"RT @rbrowneh: Trump Republicans like #JDVance and #DeWine are trying to take away our freedoms, from banning abortion, to ending Social Sec‚Ä¶"
84,1576356139809132545,2022-10-01 23:39:25+00:00,Thommytrader7,"Woke, USA",13857,13586,7,0,"RT @rbrowneh: Trump Republicans like #JDVance and #DeWine are trying to take away our freedoms, from banning abortion, to ending Social Sec‚Ä¶"
85,1576355884510613504,2022-10-01 23:38:24+00:00,rbrowneh,"Columbus, OH",2273,1125,7,8,"Trump Republicans like #JDVance and #DeWine are trying to take away our freedoms, from banning abortion, to ending‚Ä¶ https://t.co/PxGLbfY99R"
86,1576319919443955713,2022-10-01 21:15:30+00:00,Hey_man5,,123,81,1,0,@TheDemCoalition I kept telling everyone this since BEFORE his campaign started picking up. #JDVance HATES FEMALES‚Ä¶ https://t.co/DYTjCjfwGQ
87,1576301881672224768,2022-10-01 20:03:49+00:00,rbrowneh,"Columbus, OH",2273,1125,2,0,"RT @dkmehrle: Trump Republicans like #JDVance and #DeWine are trying to take away our freedoms, from banning abortion, to ending Social Sec‚Ä¶"
88,1576272795096743938,2022-10-01 18:08:14+00:00,jdf754,Rustbelt City,4932,2538,0,0,@KylaInTheBurgh Sounds like #JDVance &amp; his BFF spy tech weirdo billionaire Peter Thiel.
89,1576243482338787328,2022-10-01 16:11:46+00:00,BidenDarkAges,Virginia,54,15,0,0,"Tim Ryan and his inflationary spending made your gas, energy, and food prices higher.

#Ohio #Columbus #OhioState‚Ä¶ https://t.co/XHEByONlRs"
90,1576240697300385792,2022-10-01 16:00:42+00:00,kbsez,,7754,8481,0,1,#JDVance #Antisemitism #nazi https://t.co/3V6xZBuva5
91,1576231389824921602,2022-10-01 15:23:42+00:00,Blade_theDJ,New York,673,535,0,1,"https://t.co/nE4jFDJJfm Another perfect example of a Republican who is willing to let himself get mocked, and in fr‚Ä¶ https://t.co/y7iyq4BMkn"
92,1576194132103626752,2022-10-01 12:55:40+00:00,voteinorout,"New York, USA",1979,1954,0,0,Vote #DonaldTrump #JDVance In or Out at https://t.co/8DcwIEtHo8. Read this article and other news you missed. üá∫üá∏ A‚Ä¶ https://t.co/I1l7lAs5NF
93,1576179194618580992,2022-10-01 11:56:18+00:00,B2021Lily,"Florida, USA",527,683,0,0,@TimRyan If the people on hit State want a bright future you are the LAST person they should vote for ##JDVance
94,1576058464866295808,2022-10-01 03:56:34+00:00,dbiggs0001,The Dark & Bloody Ground~KY,3839,3789,1,0,"RT @dbiggs0001: @TimRyan Done! Keep on, keeping on Neighbor!
Pls donate ya'll. Send Thiel, a lifetime racist who ended up a Billionaire &amp; M‚Ä¶"
95,1576058431051816960,2022-10-01 03:56:26+00:00,dbiggs0001,The Dark & Bloody Ground~KY,3839,3789,1,2,"@TimRyan Done! Keep on, keeping on Neighbor!
Pls donate ya'll. Send Thiel, a lifetime racist who ended up a Billion‚Ä¶ https://t.co/vzJ6e9mmD0"
